"","G","GS","QBrec","Cmp","Att","Cmp%","Yds","TD.x","TD%","Int","Int%","Lng","Y/A","AY/A","Y/C","Y/G","Rate","Sk.x","Sk_Yds","NY/A","ANY/A","Sk%","4QC","GWD","AV","Player","Coll.Comp","Coll.Att","Coll.TD","Coll.Int","Coll.Yds","Coll.Fum","Coll.FumL","Coll.Comp.Pct","games","games_started","FF","Fmb","FR","FmYds","TD.y"
"1",12,12,"4-8-0",196,330,59.4,2193,7,2.1,7,2.1,70,6.6,6.1,11.2,182.8,77.5,31,196,5.53,5.05,8.6,0,1,7,"Mitch Trubisky",386,572,41,10,4762,7,4,0.674825174825175,12,12,0,10,6,-13,0
"2",1,1,"1-0-0",22,35,62.9,284,0,0,1,2.9,51,8.1,6.8,12.9,284,76.4,2,15,7.27,6.05,5.4,0,1,1,"Patrick Mahomes",857,1349,93,29,11252,14,5,0.635285396590067,1,1,0,0,1,0,0
"3",7,6,"3-3-0",126,204,61.8,1699,19,9.3,8,3.9,72,8.3,8.4,13.5,242.7,103,19,116,7.1,7.19,8.5,NA,NA,7,"Deshaun Watson",814,1207,90,32,10163,7,3,0.674399337199669,NA,NA,NA,NA,NA,NA,NA
"4",15,15,"0-15-0",255,476,53.6,2894,11,2.3,22,4.6,56,6.1,4.5,11.3,192.9,60.5,38,226,5.19,3.69,7.4,NA,NA,5,"DeShone Kizer",423,696,47,19,5809,10,5,0.607758620689655,15,15,0,9,2,-14,0
"5",7,5,"1-4-0",123,224,54.9,1430,4,1.8,6,2.7,83,6.4,5.5,11.6,204.3,69.2,19,141,5.3,4.52,7.8,NA,NA,4,"C.J. Beathard",454,782,40,19,5562,10,4,0.580562659846547,7,5,0,3,1,0,0
"6",4,2,"1-1-0",24,49,49,252,2,4.1,5,10.2,21,5.1,1.4,10.5,63,38.4,1,5,4.94,1.24,2,NA,NA,1,"Nathan Peterman",398,663,47,17,5236,16,6,0.600301659125189,4,2,0,2,2,-6,0
"7",22,22,"11-11-0",408,682,59.8,4893,33,4.8,14,2.1,94,7.2,7.2,12,222.4,89.4,51,394,6.14,6.18,7,1,1,13,"Jared Goff",977,1569,96,30,12200,23,11,0.622689611217336,22,22,0,13,1,0,0
"8",29,29,"18-11-0",644,1047,61.5,7078,49,4.7,21,2,73,6.8,6.8,11,244.1,88.8,61,375,6.05,6.08,5.5,2,2,24,"Carson Wentz",392,612,45,14,5115,9,4,0.640522875816993,29,29,0,23,11,-52,0
"9",5,4,"1-3-0",79,128,61.7,792,4,3.1,4,3.1,31,6.2,5.4,10,158.4,76.7,18,93,4.79,4.1,12.3,NA,NA,2,"Paxton Lynch",758,1205,59,23,8863,12,8,0.629045643153527,5,4,0,4,2,0,0
"10",19,17,"5-12-0",310,524,59.2,3498,13,2.5,7,1.3,80,6.7,6.6,11.3,184.1,81.9,58,351,5.41,5.31,10,0,1,13,"Jacoby Brissett",499,839,46,15,5723,14,8,0.594755661501788,19,17,0,11,6,-13,0
"11",12,8,"0-8-0",139,218,63.8,1506,6,2.8,3,1.4,44,6.9,6.8,10.8,125.5,87.4,27,188,5.38,5.32,11,NA,NA,3,"Cody Kessler",851,1261,88,19,10339,9,7,0.674861221252974,12,8,0,4,2,-12,0
"12",1,0,NA,14,21,66.7,150,1,4.8,1,4.8,32,7.1,6,10.7,150,83.4,2,7,6.22,5.13,8.7,NA,NA,0,"Connor Cook",673,1170,71,22,9194,7,4,0.575213675213675,NA,NA,NA,NA,NA,NA,NA
"13",32,32,"22-10-0",619,949,65.2,6991,45,4.7,17,1.8,83,7.4,7.5,11.3,218.5,95.5,57,328,6.62,6.76,5.7,5,9,30,"Dak Prescott",734,1169,70,23,9376,18,7,0.627887082976903,32,32,0,13,4,-3,0
"14",1,0,NA,6,11,54.5,96,0,0,1,9.1,64,8.7,4.6,16,96,46,1,2,7.83,4.08,8.3,NA,NA,0,"Cardale Jones",167,270,15,7,2323,11,4,0.618518518518518,NA,NA,NA,NA,NA,NA,NA
"15",8,1,"0-1-0",60,101,59.4,621,4,4,7,6.9,49,6.1,3.8,10.4,77.6,61.5,8,45,5.28,3.13,7.3,NA,NA,2,"Kevin Hogan",727,1103,75,29,9385,24,12,0.659111514052584,NA,NA,NA,NA,NA,NA,NA
"16",1,0,NA,19,23,82.6,134,0,0,0,0,16,5.8,5.8,7.1,134,90.9,3,24,4.23,4.23,11.5,NA,NA,1,"Nate Sudfeld",593,983,61,20,7879,7,3,0.603255340793489,NA,NA,NA,NA,NA,NA,NA
"17",3,0,NA,3,5,60,24,0,0,1,20,13,4.8,-4.2,8,8,32.5,0,0,4.8,-4.2,0,NA,NA,0,"Jake Rudock",666,1080,54,27,7836,13,8,0.616666666666667,NA,NA,NA,NA,NA,NA,NA
"18",45,45,"18-27-0",939,1544,60.8,11636,69,4.5,44,2.8,70,7.5,7.1,12.4,258.6,87.2,95,636,6.71,6.35,5.8,5,8,35,"Jameis Winston",562,851,65,28,7964,13,4,0.660399529964747,45,45,0,31,14,-38,0
"19",42,42,"20-22-0",787,1274,61.8,9476,58,4.6,34,2.7,75,7.4,7.1,12,225.6,88.6,88,587,6.53,6.25,6.5,7,8,34,"Marcus Mariota",779,1167,105,14,10796,27,11,0.667523564695801,42,42,0,21,6,-39,0
"20",7,1,"0-1-0",31,50,62,235,0,0,1,2,50,4.7,3.8,7.6,33.6,65,3,20,4.06,3.21,5.7,NA,NA,1,"Sean Mannion",1187,1838,83,54,13604,29,9,0.645810663764962,NA,NA,NA,NA,NA,NA,NA
"21",10,7,"1-6-0",130,245,53.1,1353,4,1.6,10,4.1,52,5.5,4,10.4,135.3,57.7,21,134,4.58,3.19,7.9,1,1,4,"Bryce Petty",530,845,62,10,8195,13,5,0.627218934911243,10,7,0,2,1,0,0
"22",15,9,"3-6-0",194,326,59.5,1853,9,2.8,13,4,55,5.7,4.4,9.6,123.5,67.9,29,197,4.66,3.52,8.2,2,2,5,"Brett Hundley",837,1241,75,25,9966,29,10,0.674456083803384,15,9,0,5,2,-1,0
"23",26,24,"13-11-0",495,835,59.3,5686,30,3.6,24,2.9,76,6.8,6.2,11.5,218.7,79.9,64,407,5.87,5.34,7.1,3,2,13,"Trevor Siemian",550,934,27,24,5931,7,3,0.588865096359743,26,24,0,9,1,-1,0
"24",62,61,"21-40-0",1318,2229,59.1,14928,90,4,64,2.9,90,6.7,6.2,11.3,240.8,80.8,164,985,5.83,5.38,6.9,6,7,42,"Blake Bortles",585,891,56,19,7598,13,5,0.656565656565657,62,61,0,38,11,-51,0
"25",15,8,"2-6-0",147,258,57,1675,7,2.7,7,2.7,61,6.5,5.8,11.4,111.7,74.4,22,167,5.39,4.76,7.9,NA,NA,5,"Johnny Manziel",595,863,63,22,7820,5,3,0.689455388180765,15,8,0,7,1,0,0
"26",30,28,"17-11-0",551,851,64.7,6150,28,3.3,22,2.6,87,7.2,6.7,11.2,205,86.3,83,556,5.99,5.53,8.9,4,4,22,"Teddy Bridgewater",781,1142,72,24,9817,9,2,0.683887915936953,30,28,0,11,2,-2,0
"27",62,62,"28-34-0",1378,2247,61.3,14690,103,4.6,44,2,87,6.5,6.6,10.7,236.9,87.5,91,559,6.04,6.08,3.9,13,13,40,"Derek Carr",1077,1616,113,24,12731,13,7,0.666460396039604,62,62,0,33,7,-56,0
"28",23,7,"7-0-0",183,272,67.3,2250,12,4.4,5,1.8,61,8.3,8.3,12.3,97.8,99.7,16,108,7.44,7.49,5.6,3,3,8,"Jimmy Garoppolo",706,1108,84,24,8873,19,5,0.637184115523466,23,7,0,3,1,-3,0
"29",14,2,NA,1,9,11.1,81,1,11.1,0,0,81,9,11.2,81,5.8,101.6,2,11,6.36,8.18,18.2,NA,NA,1,"Logan Thomas",694,1249,53,39,9005,24,9,0.55564451561249,NA,NA,NA,NA,NA,NA,NA
"30",13,9,"2-7-0",181,315,57.5,2000,5,1.6,7,2.2,57,6.3,5.7,11,153.8,72.5,27,200,5.26,4.63,7.9,3,3,4,"Tom Savage",387,674,35,16,5169,5,2,0.574183976261128,13,9,0,11,1,-8,0
"31",11,3,"2-1-0",86,133,64.7,920,6,4.5,2,1.5,66,6.9,7.1,10.7,83.6,93.6,13,72,5.81,6.01,8.9,0,0,3,"A.J. McCarron",686,1026,77,15,9019,11,5,0.668615984405458,NA,NA,NA,NA,NA,NA,NA
"32",14,10,"0-10-0",208,345,60.3,2347,12,3.5,14,4.1,80,6.8,5.7,11.3,167.6,75.4,31,236,5.61,4.58,8.2,NA,NA,1,"Zach Mettenberger",407,659,35,15,5783,8,5,0.617602427921093,14,10,0,8,1,-6,0
"33",3,0,NA,31,48,64.6,287,1,2.1,1,2.1,26,6,5.5,9.3,95.7,79.1,2,13,5.48,4.98,4,0,0,1,"David Fales",639,938,66,22,8382,6,3,0.681236673773987,NA,NA,NA,NA,NA,NA,NA
"34",30,18,"6-12-0",343,590,58.1,3767,20,3.4,16,2.7,80,6.4,5.8,11,125.6,77.1,47,297,5.45,4.95,7.4,1,3,11,"EJ Manuel",600,897,47,28,7736,19,7,0.668896321070234,30,18,0,11,4,-5,0
"35",35,31,"12-19-0",522,902,57.9,6174,29,3.2,36,4,74,6.8,5.7,11.8,176.4,72.9,80,540,5.74,4.68,8.1,3,7,16,"Geno Smith",956,1416,97,20,11353,29,14,0.675141242937853,35,31,1,19,8,-23,0
"36",25,22,"6-16-0",467,770,60.6,4933,34,4.4,20,2.6,85,6.4,6.1,10.6,197.3,83.2,64,483,5.34,5.07,7.7,3,4,13,"Mike Glennon",637,1056,63,31,7333,20,8,0.603219696969697,25,22,0,14,9,-25,0
"37",11,6,"1-5-0",159,266,59.8,1911,8,3,18,6.8,37,7.2,4.7,12,173.7,63.7,9,67,6.71,4.34,3.3,NA,NA,2,"Matt Barkley",1001,1562,116,48,12327,11,7,0.640845070422535,11,6,0,7,3,-7,0
"38",5,0,NA,9,10,90,128,1,10,0,0,29,12.8,14.8,14.2,25.6,152.1,2,11,9.75,11.42,16.7,NA,NA,0,"Ryan Nassib",791,1312,70,28,9190,24,12,0.602896341463415,5,0,0,1,1,0,0
"39",19,5,"3-2-0",108,169,63.9,1310,8,4.7,7,4.1,88,7.8,6.8,12.1,68.9,86.2,9,66,6.99,6.12,5.1,1,2,4,"Landry Jones",1388,2183,123,52,16646,21,7,0.635822262940907,19,5,0,2,5,0,0
"40",2,0,NA,3,7,42.9,11,0,0,1,14.3,11,1.6,-4.9,3.7,5.5,10.7,2,17,-0.67,-5.67,22.2,0,0,0,"Sean Renfree",898,1389,51,40,9465,11,6,0.646508279337653,NA,NA,NA,NA,NA,NA,NA
"41",70,70,"43-27-0",1570,2651,59.2,19078,132,5,68,2.6,87,7.2,7,12.2,272.5,87.3,156,990,6.44,6.29,5.6,13,17,64,"Andrew Luck",713,1064,82,22,9430,15,5,0.670112781954887,70,70,0,38,13,-42,0
"42",42,40,"15-25-0",766,1210,63.3,8983,42,3.5,26,2.1,88,7.4,7.2,11.7,213.9,88.4,123,856,6.1,5.85,9.2,4,5,36,"Robert Griffin",755,1123,74,17,9885,28,12,0.672306322350846,42,40,0,36,10,-77,0
"43",77,77,"37-40-0",1653,2637,62.7,18455,106,4,66,2.5,80,7,6.7,11.2,239.7,86.5,213,1606,5.91,5.61,7.5,12,10,55,"Ryan Tannehill",484,774,42,21,5450,10,3,0.625322997416021,77,77,0,47,16,-46,0
"44",34,25,"6-19-0",559,965,57.9,6462,31,3.2,30,3.1,95,6.7,5.9,11.6,190.1,76,66,452,5.83,5.12,6.4,2,3,15,"Brandon Weeden",765,1099,75,27,9252,7,3,0.696087352138308,34,25,0,15,2,-8,0
"45",42,25,"13-12-0",584,987,59.2,6171,31,3.1,27,2.7,72,6.3,5.6,10.6,146.9,76.5,62,429,5.47,4.91,5.9,4,4,12,"Brock Osweiler",350,571,28,15,4285,10,4,0.612959719789842,42,25,0,11,4,-8,0
"46",96,96,"65-30-1",1815,2834,64,22176,161,5.7,56,2,80,7.8,8.1,12.2,231,98.8,248,1597,6.68,6.9,8,15,19,100,"Russell Wilson",907,1489,109,30,11720,27,7,0.60913364674278,96,96,1,60,29,-55,0
"47",49,39,"22-17-0",833,1386,60.1,9752,61,4.4,29,2.1,68,7,7,11.7,199,87.4,80,554,6.27,6.22,5.5,6,8,26,"Nick Foles",933,1396,67,33,10010,13,5,0.668338108882522,49,39,0,27,9,-40,0
"48",62,57,"26-30-1",1372,2096,65.5,16206,99,4.7,55,2.6,81,7.7,7.5,11.8,261.4,93.7,106,847,6.98,6.75,4.8,8,12,43,"Kirk Cousins",723,1128,66,30,9131,15,5,0.640957446808511,62,57,0,37,15,-64,0
"49",10,6,"1-5-0",140,274,51.1,1372,3,1.1,11,4,41,5,3.4,9.8,137.2,52.4,18,137,4.23,2.74,6.2,0,0,-4,"Ryan Lindley",961,1732,90,47,12690,13,9,0.554849884526559,10,6,0,5,3,-10,0
"50",109,108,"62-45-1",2001,3420,58.5,25074,158,4.6,94,2.7,91,7.3,7,12.5,230,85.3,256,1943,6.29,6,7,13,15,109,"Cam Newton",191,292,30,7,2908,6,2,0.654109589041096,109,108,0,47,15,-60,0
"51",30,23,"9-14-0",408,709,57.5,4967,27,3.8,22,3.1,71,7,6.4,12.2,165.6,79,60,378,5.97,5.38,7.8,1,3,16,"Jake Locker",619,1147,53,35,7639,25,14,0.539668700959024,30,23,0,10,3,-17,0
"52",48,45,"11-34-0",781,1397,55.9,8437,44,3.1,43,3.1,80,6,5.3,10.8,175.8,71.5,133,879,4.94,4.25,8.7,5,5,15,"Blaine Gabbert",568,933,40,18,6822,17,5,0.608788853161844,48,45,0,32,9,-65,0
"53",38,36,"14-21-1",632,1057,59.8,6658,38,3.6,36,3.4,72,6.3,5.5,10.5,175.2,75.9,95,501,5.34,4.6,8.2,2,3,23,"Christian Ponder",596,965,49,30,6872,21,13,0.617616580310881,38,36,0,20,3,-16,0
"54",109,109,"63-44-2",2217,3556,62.3,25534,167,4.7,93,2.6,86,7.2,6.9,11.5,234.3,88.7,220,1332,6.41,6.19,5.8,17,20,83,"Andy Dalton",812,1317,71,30,10314,27,9,0.616552771450266,109,109,0,37,8,-74,0
"55",69,58,"28-30-0",1011,1692,59.8,12271,72,4.3,30,1.8,80,7.3,7.3,12.1,177.8,88.9,171,1060,6.02,6.07,9.2,7,7,49,"Colin Kaepernick",740,1271,82,24,10098,20,13,0.582218725413061,69,58,0,40,12,-39,0
"56",21,8,"3-5-0",190,345,55.1,1835,9,2.6,10,2.9,48,5.3,4.5,9.7,87.4,66.8,7,37,5.11,4.34,2,NA,NA,4,"Ryan Mallett",552,955,69,24,8385,17,7,0.578010471204188,NA,NA,NA,NA,NA,NA,NA
"57",22,10,"4-6-0",179,324,55.2,2057,10,3.1,11,3.4,61,6.3,5.4,11.5,93.5,70.7,36,189,5.19,4.37,10,2,3,6,"T.J. Yates",795,1277,58,46,9377,17,3,0.62255285826155,22,10,0,14,6,-5,0
"58",58,43,"22-20-0",793,1271,62.4,9056,51,4,18,1.4,84,7.1,7.3,11.4,156.1,91.2,129,693,5.97,6.12,9.2,3,5,41,"Tyrod Taylor",495,865,44,20,7017,19,8,0.572254335260116,58,43,0,17,6,-13,0
"59",2,1,"0-1-0",19,31,61.3,214,1,3.2,1,3.2,30,6.9,6.1,11.3,107,79.2,11,71,3.4,2.81,26.2,1,1,1,"Greg McElroy",428,649,38,10,5618,10,5,0.659476117103236,NA,NA,NA,NA,NA,NA,NA
"60",80,80,"34-45-1",1805,2887,62.5,19049,101,3.5,57,2,80,6.6,6.4,10.6,238.1,85.1,190,1338,5.76,5.58,6.2,7,8,48,"Sam Bradford",604,893,88,16,8403,6,0,0.676371780515118,80,80,0,47,16,-57,0
"61",35,16,"8-6-0",173,361,47.9,2422,17,4.7,9,2.5,56,6.7,6.5,14,69.2,75.3,41,258,5.38,5.22,10.2,6,6,12,"Tim Tebow",661,995,88,16,9285,17,10,0.664321608040201,35,16,0,15,4,-5,0
"62",22,14,"1-13-0",255,472,54,2520,7,1.5,14,3,55,5.3,4.3,9.9,114.5,61.9,43,281,4.35,3.4,8.3,0,0,3,"Jimmy Clausen",695,1110,60,27,8148,14,8,0.626126126126126,22,14,0,10,4,-28,0
"63",35,25,"7-18-0",508,842,60.3,5586,26,3.1,23,2.7,71,6.6,6,11,159.6,78.9,77,460,5.58,5.02,8.4,2,5,13,"Colt McCoy",1157,1645,112,45,13253,28,10,0.703343465045593,35,25,0,19,8,-10,0
"64",4,0,NA,11,16,68.8,107,0,0,2,12.5,43,6.7,1.1,9.7,26.8,47.7,1,6,5.94,0.65,5.9,0,0,0,"Mike Kafka",408,637,19,20,4265,11,9,0.640502354788069,NA,NA,NA,NA,NA,NA,NA
"65",20,17,"8-9-0",320,602,53.2,3707,15,2.5,25,4.2,74,6.2,4.8,11.6,185.4,63,47,325,5.21,3.94,7.2,6,7,4,"John Skelton",NA,NA,NA,NA,NA,NA,NA,NA,20,17,0,11,5,-25,0
"66",3,1,"0-1-0",23,45,51.1,234,0,0,4,8.9,52,5.2,1.2,10.2,78,29.3,1,0,5.09,1.17,2.2,NA,NA,1,"Rusty Smith",768,1361,76,36,10112,20,8,0.564290962527553,NA,NA,NA,NA,NA,NA,NA
"67",1,0,NA,6,12,50,47,0,0,0,0,22,3.9,3.9,7.8,47,60.1,1,10,2.85,2.85,7.7,NA,NA,0,"Tony Pike",421,682,49,20,5018,8,0,0.617302052785924,NA,NA,NA,NA,NA,NA,NA
"68",1,0,NA,2,3,66.7,24,0,0,1,33.3,16,8,-7,12,24,51.4,0,0,8,-7,0,NA,NA,0,"Levi Brown",NA,NA,NA,NA,NA,NA,NA,NA,NA,NA,NA,NA,NA,NA,NA
"69",125,125,"60-65-0",3005,4850,62,34749,216,4.5,118,2.4,87,7.2,7,11.6,278,88.3,289,1850,6.4,6.21,5.6,26,32,100,"Matthew Stafford",564,987,51,33,7731,14,4,0.571428571428571,125,125,0,57,17,-71,0
"70",77,72,"37-35-0",1295,2285,56.7,15219,86,3.8,86,3.8,74,6.7,5.7,11.8,197.6,73.9,161,1048,5.79,4.91,6.6,8,10,38,"Mark Sanchez",313,487,41,16,3965,8,3,0.642710472279261,77,72,0,51,12,-77,0
"71",62,61,"25-36-0",1179,2048,57.6,13873,81,4,68,3.3,95,6.8,6.1,11.8,223.8,77.6,112,690,6.1,5.44,5.2,9,10,41,"Josh Freeman",NA,NA,NA,NA,NA,NA,NA,NA,62,61,0,38,13,-47,0
"72",3,1,"1-0-0",46,82,56.1,420,3,3.7,0,0,37,5.1,5.9,9.1,140,82.4,6,50,4.2,4.89,6.8,1,1,2,"Stephen McGee",485,815,28,13,5475,15,7,0.595092024539877,3,1,0,1,1,-4,0
"73",4,4,"0-4-0",73,119,61.3,566,3,2.5,9,7.6,25,4.8,1.9,7.8,141.5,49.9,13,82,3.67,1.05,9.8,NA,NA,1,"Keith Null",NA,NA,NA,NA,NA,NA,NA,NA,4,4,0,3,2,-5,0
"74",14,8,"0-8-0",148,287,51.6,1681,6,2.1,13,4.5,87,5.9,4.2,11.4,120.1,57.6,20,126,5.07,3.55,6.5,NA,NA,2,"Curtis Painter",987,1648,67,46,11163,17,8,0.598907766990291,14,8,0,9,3,-23,0
"75",158,158,"95-63-0",3630,5593,64.9,41796,260,4.6,126,2.3,90,7.5,7.4,11.5,264.5,93.4,279,1834,6.81,6.73,4.8,26,35,150,"Matt Ryan",807,1347,56,37,9313,15,7,0.599109131403118,158,158,0,53,14,-51,0
"76",154,154,"92-62-0",3267,5291,61.7,35780,200,3.8,130,2.5,95,6.8,6.4,11,232.3,84.1,317,2281,5.97,5.64,5.7,18,24,106,"Joe Flacco",NA,NA,NA,NA,NA,NA,NA,NA,154,154,0,78,25,-80,0
"77",3,2,"0-2-0",27,52,51.9,252,0,0,5,9.6,33,4.8,0.5,9.3,84,26,5,13,4.19,0.25,8.8,NA,NA,0,"Brian Brohm",780,1185,71,24,10775,9,3,0.658227848101266,NA,NA,NA,NA,NA,NA,NA
"78",67,53,"18-35-0",1159,1956,59.3,12931,58,3,63,3.2,81,6.6,5.8,11.2,193,75.5,149,938,5.7,4.9,7.1,4,5,29,"Chad Henne",828,1387,87,37,9715,19,8,0.596971881759192,67,53,0,17,9,-35,0
"79",2,0,NA,4,6,66.7,23,0,0,0,0,12,3.8,3.8,5.8,11.5,73.6,1,2,3,3,14.3,NA,NA,0,"Kevin O'Connell",605,1050,43,29,7054,21,8,0.576190476190476,NA,NA,NA,NA,NA,NA,NA
"80",4,3,"2-1-0",35,59,59.3,402,1,1.7,2,3.4,52,6.8,5.6,11.5,100.5,71.4,5,41,5.64,4.55,7.8,0,1,2,"Dennis Dixon",888,1390,76,42,10258,28,10,0.638848920863309,NA,NA,NA,NA,NA,NA,NA
"81",29,5,"0-5-0",96,177,54.2,1042,5,2.8,10,5.6,42,5.9,3.9,10.9,35.9,57.7,17,99,4.86,3.06,8.8,0,0,4,"Josh Johnson",NA,NA,NA,NA,NA,NA,NA,NA,29,5,0,10,4,-3,0
"82",53,7,"3-4-0",219,357,61.3,2541,17,4.8,11,3.1,80,7.1,6.7,11.6,47.9,85.9,39,209,5.89,5.5,9.8,4,3,8,"Matt Flynn",NA,NA,NA,NA,NA,NA,NA,NA,53,7,0,11,1,-5,0
"83",31,25,"7-18-0",354,680,52.1,4083,18,2.6,23,3.4,86,6,5,11.5,131.7,65.2,70,457,4.83,3.93,9.3,3,4,6,"JaMarcus Russell",493,797,52,21,6625,14,9,0.618569636135508,31,25,0,25,3,-18,0
"84",24,20,"4-16-0",296,550,53.8,3043,12,2.2,17,3.1,59,5.5,4.6,10.3,126.8,64.4,41,236,4.75,3.86,6.9,1,2,2,"Brady Quinn",929,1602,95,39,11762,16,4,0.579900124843945,24,20,0,5,2,-3,0
"85",34,21,"9-12-0",449,755,59.5,5206,28,3.7,25,3.3,83,6.9,6.1,11.6,153.1,78.9,77,517,5.64,4.96,9.3,4,3,13,"Kevin Kolb",NA,NA,NA,NA,NA,NA,NA,NA,34,21,0,19,1,-8,0
"86",9,7,"0-7-0",140,239,58.6,1417,3,1.3,7,2.9,32,5.9,4.9,10.1,157.4,67.6,26,153,4.77,3.81,9.8,NA,NA,4,"John Beck",885,1418,79,34,11021,22,9,0.624118476727786,9,7,0,10,2,-17,0
"87",38,17,"11-6-0",345,659,52.4,4059,20,3,24,3.6,87,6.2,5.1,11.8,106.8,66.3,38,226,5.5,4.52,5.5,4,4,10,"Drew Stanton",543,847,42,28,6524,12,6,0.641086186540732,38,17,0,8,1,0,0
"88",38,33,"14-19-0",563,929,60.6,6033,26,2.8,30,3.2,70,6.5,5.6,10.7,158.8,75.5,69,482,5.56,4.73,6.9,4,5,18,"Trent Edwards",488,868,36,33,5443,15,5,0.56221198156682,38,33,0,14,2,-7,0
"89",20,8,"4-4-0",121,234,51.7,1734,8,3.4,5,2.1,79,7.4,7.1,14.3,86.7,78.5,23,142,6.19,5.94,8.9,2,2,6,"Troy Smith",NA,NA,NA,NA,NA,NA,NA,NA,20,8,0,9,4,-9,0
"90",5,0,NA,11,18,61.1,66,0,0,2,11.1,13,3.7,-1.3,6,13.2,28.7,4,31,1.59,-2.5,18.2,0,0,0,"Jordan Palmer",851,1427,88,64,11084,33,12,0.59635599159075,NA,NA,NA,NA,NA,NA,NA
"91",29,12,"1-11-0",275,509,54,3222,21,4.1,18,3.5,75,6.3,5.6,11.7,111.1,72.5,35,221,5.52,4.8,6.4,0,1,10,"Tyler Thigpen",NA,NA,NA,NA,NA,NA,NA,NA,29,12,0,7,4,-9,0
"92",60,50,"31-19-0",755,1304,57.9,8964,46,3.5,51,3.9,73,6.9,5.8,11.9,149.4,74.4,83,449,6.14,5.15,6,7,13,36,"Vince Young",444,718,44,28,6040,31,8,0.618384401114206,60,50,0,40,19,-56,0
"93",33,18,"8-10-0",366,641,57.1,4065,15,2.3,21,3.3,78,6.3,5.3,11.1,123.2,70.2,30,221,5.73,4.77,4.5,2,2,12,"Matt Leinart",807,1245,99,23,10693,15,7,0.648192771084337,33,18,0,11,2,-22,0
"94",153,153,"74-79-0",3048,4920,62,35133,227,4.6,160,3.3,93,7.1,6.6,11.5,229.6,85.3,322,2035,6.31,5.81,6.1,23,28,109,"Jay Cutler",710,1242,59,36,8697,31,11,0.571658615136876,153,153,0,95,32,-118,0
"95",64,21,"8-13-0",350,638,54.9,4053,16,2.5,21,3.3,81,6.4,5.4,11.6,63.3,68.9,66,401,5.19,4.3,9.4,1,2,10,"Kellen Clemens",613,1005,61,24,7555,18,8,0.609950248756219,64,21,0,17,5,-16,0
"96",59,34,"17-17-0",640,1073,59.6,7263,39,3.6,35,3.3,71,6.8,6,11.3,123.1,78.5,90,546,5.78,5.09,7.7,3,4,23,"Tarvaris Jackson",NA,NA,NA,NA,NA,NA,NA,NA,59,34,0,24,8,-35,0
"97",26,9,"2-7-0",219,396,55.3,2463,11,2.8,8,2,75,6.2,5.9,11.2,94.7,74.9,38,204,5.21,4.88,8.8,1,1,7,"Charlie Whitehurst",815,1366,49,46,9656,24,9,0.596632503660322,26,9,0,7,5,-16,0
"98",18,10,"0-10-0",181,319,56.7,1669,8,2.5,9,2.8,50,5.2,4.5,9.2,92.7,67.8,26,168,4.35,3.64,7.5,NA,NA,2,"Brodie Croyle",444,803,35,22,5848,10,1,0.552926525529265,18,10,0,5,1,0,0
"99",37,20,"6-14-0",375,709,52.9,4057,21,3,24,3.4,75,5.7,4.8,10.8,109.6,65.8,53,333,4.89,4.02,7,6,7,8,"Bruce Gradkowski",NA,NA,NA,NA,NA,NA,NA,NA,37,20,0,20,8,-14,0
"100",156,151,"88-62-1",2877,4613,62.4,31888,183,4,96,2.1,80,6.9,6.8,11.1,204.4,87.4,388,2203,5.94,5.8,7.8,18,22,112,"Alex Smith",NA,NA,NA,NA,NA,NA,NA,NA,156,151,0,69,25,-48,0
"101",149,142,"94-48-0",3188,4895,65.1,38502,313,6.4,78,1.6,93,7.9,8.4,12.1,258.4,103.8,363,2331,6.88,7.4,6.9,11,17,157,"Aaron Rodgers",424,665,43,13,5469,11,5,0.637593984962406,149,142,0,71,25,-66,0
"102",90,79,"32-47-0",1519,2518,60.3,16771,87,3.5,60,2.4,84,6.7,6.3,11,186.3,81.7,170,1096,5.83,5.47,6.3,7,10,53,"Jason Campbell",552,854,45,24,7299,14,6,0.646370023419204,90,79,0,52,18,-49,0
"103",26,23,"7-16-0",419,677,61.9,4154,17,2.5,29,4.3,75,6.1,4.7,9.9,159.8,69.7,79,487,4.85,3.57,10.4,1,1,8,"Charlie Frye",663,1056,49,23,8225,8,3,0.627840909090909,26,23,0,15,2,-17,0
"104",15,9,"2-7-0",174,333,52.3,1919,3,0.9,16,4.8,51,5.8,3.8,11,127.9,52.6,51,295,4.23,2.51,13.3,NA,NA,1,"Andrew Walter",777,1416,85,36,10617,22,9,0.548728813559322,15,9,0,15,4,-24,0
"105",87,82,"42-40-0",1613,2712,59.5,18037,101,3.7,69,2.5,87,6.7,6.3,11.2,207.3,81.2,165,1016,5.92,5.54,5.7,8,9,45,"Kyle Orton",748,1262,61,24,8918,21,6,0.592709984152139,87,82,0,35,8,-34,0
"106",27,12,"2-10-0",298,512,58.2,3132,15,2.9,13,2.5,96,6.1,5.6,10.5,116,75.3,29,182,5.45,4.93,5.4,1,1,7,"Dan Orlovsky",788,1298,75,40,9327,8,3,0.60708782742681,27,12,0,11,3,-7,0
"107",76,47,"20-27-0",867,1604,54.1,10413,60,3.7,60,3.7,78,6.5,5.6,12,137,71.1,76,530,5.88,4.99,4.5,5,7,21,"Derek Anderson",768,1514,79,57,11249,17,9,0.507265521796565,76,47,0,31,9,-30,0
"108",106,81,"36-45-0",1571,2666,58.9,17449,104,3.9,81,3,79,6.5,6,11.1,164.6,78.8,209,1144,5.67,5.13,7.3,9,12,51,"Matt Cassel",19,31,0,1,187,3,2,0.612903225806452,106,81,0,54,16,-108,0
"109",133,119,"48-70-1",2411,4039,59.7,26991,173,4.3,136,3.4,98,6.7,6,11.2,202.9,79.9,231,1224,6.03,5.41,5.4,9,13,79,"Ryan Fitzpatrick",NA,NA,NA,NA,NA,NA,NA,NA,133,119,0,68,32,-59,0
"110",216,214,"111-103-0",4424,7396,59.8,51682,339,4.6,228,3.1,99,7,6.5,11.7,239.3,83.5,359,2468,6.35,5.9,4.6,26,35,150,"Eli Manning",829,1363,81,35,10119,10,2,0.608217168011739,216,214,0,115,22,-56,0
"111",196,192,"106-86-0",4171,6492,64.2,50348,342,5.3,166,2.6,81,7.8,7.7,12.1,256.9,94.8,379,2288,6.99,6.9,5.5,23,27,177,"Philip Rivers",1087,1710,95,34,13484,10,1,0.635672514619883,196,192,0,99,36,-104,0
"112",200,198,"135-63-0",4164,6493,64.1,51065,329,5.1,174,2.7,97,7.9,7.7,12.3,255.3,94,477,3147,6.87,6.7,6.8,29,39,171,"Ben Roethlisberger",854,1304,83,34,10829,14,1,0.654907975460123,200,198,0,91,29,-111,0
"113",45,33,"10-23-0",564,952,59.2,6271,33,3.5,34,3.6,87,6.6,5.7,11.1,139.4,75.6,108,789,5.17,4.35,10.2,3,6,20,"J.P. Losman",539,937,56,26,6267,10,2,0.575240128068303,45,33,0,35,12,-33,0
"114",145,92,"47-45-0",2093,3274,63.9,24867,133,4.1,90,2.7,80,7.6,7.2,11.9,171.5,89.1,178,1226,6.85,6.45,5.2,11,14,79,"Matt Schaub",716,1069,56,26,7502,2,0,0.66978484565014,145,92,0,44,13,-55,0
"115",62,10,"2-8-0",216,356,60.7,2370,9,2.5,15,4.2,60,6.7,5.3,11,38.2,71.3,34,271,5.38,4.11,8.7,1,1,8,"Luke McCown",1063,1775,87,62,12666,5,2,0.59887323943662,62,10,0,7,2,-14,0
"116",6,5,"3-2-0",59,127,46.5,718,3,2.4,6,4.7,49,5.7,4,12.2,119.7,52.5,23,158,3.73,2.33,15.3,1,1,1,"Craig Krenzel",326,574,28,20,4473,6,2,0.56794425087108,6,5,0,8,1,-11,0
"117",16,0,NA,99,156,63.5,929,6,3.8,1,0.6,71,6,6.4,9.4,58.1,89.9,6,37,5.51,5.97,3.7,NA,NA,5,"Jim Sorgi",287,517,33,20,4475,9,2,0.555125725338491,16,0,0,2,1,-5,0
"118",2,1,"0-1-0",32,64,50,342,2,3.1,5,7.8,43,5.3,2.5,10.7,171,43.9,5,35,4.45,1.77,7.2,NA,NA,0,"John Navarre",744,1327,70,30,9014,11,3,0.560663149962321,2,1,0,1,1,0,0
"119",6,2,"0-2-0",18,45,40,195,0,0,4,8.9,28,4.3,0.3,10.8,32.5,16.4,5,30,3.3,-0.3,10,NA,NA,1,"Cody Pickett",792,1369,53,41,9916,19,6,0.578524470416362,6,2,0,4,1,-12,0
"120",2,1,"0-1-0",15,27,55.6,136,0,0,1,3.7,17,5,3.4,9.1,68,53.9,1,8,4.57,2.96,3.6,NA,NA,1,"Matt Mauck",310,529,37,18,3831,5,2,0.586011342155009,NA,NA,NA,NA,NA,NA,NA
"121",182,181,"92-88-1",3941,6307,62.5,46247,294,4.7,187,3,91,7.3,6.9,11.7,254.1,87.9,340,2364,6.6,6.22,5.1,22,35,142,"Carson Palmer",743,1255,62,40,9423,4,0,0.59203187250996,182,181,0,82,26,-63,0
"122",60,50,"24-26-0",930,1605,57.9,10532,58,3.6,42,2.6,84,6.6,6.1,11.3,175.5,78.9,92,452,5.94,5.51,5.4,7,10,36,"Byron Leftwich",923,1417,89,26,11748,3,0,0.651376146788991,60,50,0,35,8,-12,0
"123",67,47,"20-27-0",861,1519,56.7,8931,48,3.2,54,3.6,77,5.9,4.9,10.4,133.3,69.5,123,802,4.95,4.06,7.5,4,6,18,"Kyle Boller",522,1042,55,33,6677,7,0,0.500959692898273,67,47,0,42,15,-57,0
"124",54,47,"25-22-0",863,1562,55.2,10232,56,3.6,60,3.8,64,6.6,5.5,11.9,189.5,71.4,92,698,5.76,4.81,5.6,6,9,25,"Rex Grossman",677,1110,77,36,9164,3,0,0.60990990990991,54,47,0,32,7,-19,0
"125",2,2,"0-2-0",20,40,50,135,0,0,1,2.5,24,3.4,2.3,6.8,67.5,47.4,8,39,2,1.06,16.7,NA,NA,1,"Dave Ragone",684,1178,74,29,8557,10,0,0.580645161290323,2,2,0,4,1,0,0
"126",23,16,"7-9-0",297,511,58.1,3117,12,2.3,18,3.5,78,6.1,5,10.5,135.5,69.1,49,361,4.92,3.9,8.8,3,3,8,"Chris Simms",516,875,56,30,6870,3,0,0.589714285714286,23,16,0,10,2,-1,0
"127",64,22,"6-16-0",468,788,59.4,4947,31,3.9,19,2.4,90,6.3,6,10.6,77.3,80.8,59,339,5.44,5.16,7,2,2,16,"Seneca Wallace",411,712,26,27,5289,4,0,0.577247191011236,64,22,1,19,5,-51,0
"128",3,1,"0-1-0",15,33,45.5,185,2,6.1,3,9.1,88,5.6,2.7,12.3,61.7,45.6,3,23,4.5,1.86,8.3,1,1,0,"Brian St. Pierre",NA,NA,NA,NA,NA,NA,NA,NA,3,1,0,1,1,0,0
"129",9,1,"1-0-0",11,20,55,98,1,5,1,5,20,4.9,3.7,8.9,10.9,64.2,5,51,1.88,0.88,20,NA,NA,0,"Drew Henson",131,217,16,4,1852,0,0,0.603686635944701,9,1,0,3,1,0,0
"130",21,10,"2-8-0",211,360,58.6,2226,9,2.5,9,2.5,60,6.2,5.6,10.5,106,74.6,49,301,4.71,4.16,12,2,1,6,"Brooks Bollinger",323,614,28,15,4378,0,0,0.526058631921824,21,10,0,4,2,-3,0
"131",1,0,NA,1,2,50,17,0,0,0,0,17,8.5,8.5,17,17,79.2,0,0,8.5,8.5,0,NA,NA,0,"Kliff Kingsbury",1205,1825,91,39,11931,11,0,0.66027397260274,NA,NA,NA,NA,NA,NA,NA
"132",1,0,NA,1,2,50,7,0,0,0,0,7,3.5,3.5,7,7,58.3,1,2,1.67,1.67,33.3,NA,NA,0,"Gibran Hamdan",155,299,10,14,2172,6,0,0.518394648829431,NA,NA,NA,NA,NA,NA,NA
"133",17,13,"2-11-0",214,408,52.5,2082,8,2,18,4.4,59,5.1,3.5,9.7,122.5,55.2,25,172,4.41,2.91,5.8,0,1,1,"Ken Dorsey",NA,NA,NA,NA,NA,NA,NA,NA,17,13,0,9,3,-9,0
"134",94,79,"23-56-0",1353,2267,59.7,14452,65,2.9,71,3.1,81,6.4,5.5,10.7,153.7,74.9,267,1564,5.09,4.34,10.5,7,11,48,"David Carr",503,793,60,18,6646,0,0,0.634300126103405,94,79,0,71,31,-56,0
"135",81,76,"26-50-0",1424,2538,56.1,14693,79,3.1,85,3.3,86,5.8,4.9,10.3,181.4,69.4,124,770,5.23,4.39,4.7,6,7,33,"Joey Harrington",381,697,43,18,5108,0,0,0.546628407460545,81,76,0,25,6,-16,0
"136",37,24,"10-14-0",511,913,56,5930,35,3.8,30,3.3,72,6.5,5.8,11.6,160.3,74.9,79,520,5.45,4.8,8,0,2,15,"Patrick Ramsey",485,837,46,27,5768,0,0,0.579450418160096,37,24,0,28,5,-20,0
"137",95,73,"23-50-0",1521,2518,60.4,17168,97,3.9,78,3.1,80,6.8,6.2,11.3,180.7,80.8,228,1528,5.7,5.12,8.3,6,7,45,"Josh McCown",NA,NA,NA,NA,NA,NA,NA,NA,95,73,0,81,26,-34,0
"138",86,76,"39-37-0",1406,2281,61.6,16003,89,3.9,54,2.4,75,7,6.7,11.4,186.1,85.8,179,1115,6.05,5.79,7.3,10,17,69,"David Garrard",328,602,32,20,4579,0,0,0.54485049833887,86,76,0,44,10,-32,0
"139",7,0,NA,8,19,42.1,88,0,0,0,0,20,4.6,4.6,11,12.6,56.5,0,0,4.63,4.63,0,NA,NA,0,"Rohan Davey",255,426,25,11,3924,0,0,0.598591549295775,NA,NA,NA,NA,NA,NA,NA
"140",4,1,"0-1-0",15,44,34.1,171,0,0,4,9.1,27,3.9,-0.2,11.4,42.8,8.8,7,60,2.18,-1.35,13.7,NA,NA,1,"Randy Fasani",NA,NA,NA,NA,NA,NA,NA,NA,NA,NA,NA,NA,NA,NA,NA
"141",7,4,"1-3-0",44,114,38.6,391,2,1.8,6,5.3,31,3.4,1.4,8.9,55.9,32.5,5,30,3.03,1.1,4.2,NA,NA,1,"Kurt Kittner",NA,NA,NA,NA,NA,NA,NA,NA,NA,NA,NA,NA,NA,NA,NA
"142",7,0,NA,30,48,62.5,402,5,10.4,0,0,43,8.4,10.5,13.4,57.4,123.8,3,18,7.53,9.49,5.9,NA,NA,1,"Craig Nall",NA,NA,NA,NA,NA,NA,NA,NA,7,0,0,3,1,-3,0
"143",17,8,"2-6-0",145,257,56.4,1866,9,3.5,13,5.1,63,7.3,5.7,12.9,109.8,69.9,38,246,5.49,4.12,12.9,1,1,6,"J.T. O'Sullivan",NA,NA,NA,NA,NA,NA,NA,NA,17,8,1,16,2,-8,0
"144",143,115,"61-51-1",1807,3217,56.2,22464,133,4.1,88,2.7,91,7,6.6,12.4,157.1,80.4,316,1879,5.83,5.46,8.9,14,15,113,"Michael Vick",NA,NA,NA,NA,NA,NA,NA,NA,143,115,0,98,25,-53,0
"145",249,248,"142-106-0",6222,9294,66.9,70445,488,5.3,228,2.5,98,7.6,7.5,11.3,282.9,96.7,378,2692,7.01,6.95,3.9,28,41,239,"Drew Brees",NA,NA,NA,NA,NA,NA,NA,NA,249,248,0,101,28,-111,0
"146",38,34,"18-16-0",542,960,56.5,6337,32,3.3,37,3.9,80,6.6,5.5,11.7,166.8,71.7,80,441,5.67,4.68,7.7,5,7,18,"Quincy Carter",NA,NA,NA,NA,NA,NA,NA,NA,38,34,0,22,6,-28,0
"147",13,2,"0-2-0",49,90,54.4,554,2,2.2,7,7.8,35,6.2,3.1,11.3,42.6,48.1,10,70,4.84,2.09,10,NA,NA,1,"Marques Tuiasosopo",NA,NA,NA,NA,NA,NA,NA,NA,13,2,0,7,1,0,0
"148",29,20,"2-18-0",386,709,54.4,3904,15,2.1,26,3.7,48,5.5,4.3,10.1,134.6,62.2,47,298,4.77,3.62,6.2,1,1,9,"Chris Weinke",NA,NA,NA,NA,NA,NA,NA,NA,29,20,0,13,2,-4,0
"149",44,12,"6-6-0",351,562,62.5,4156,30,5.3,29,5.2,77,7.4,6.1,11.8,94.5,81.2,19,127,6.93,5.72,3.3,2,2,14,"Sage Rosenfels",NA,NA,NA,NA,NA,NA,NA,NA,44,12,0,11,1,-14,0
"150",8,3,"0-3-0",63,120,52.5,562,3,2.5,4,3.3,40,4.7,3.7,8.9,70.3,59.8,16,95,3.43,2.55,11.8,NA,NA,1,"Jesse Palmer",NA,NA,NA,NA,NA,NA,NA,NA,8,3,0,2,1,0,0
"151",29,14,"3-11-0",229,515,44.5,2867,15,2.9,21,4.1,69,5.6,4.3,12.5,98.9,55.1,55,338,4.44,3.31,9.6,3,3,6,"Mike McMahon",NA,NA,NA,NA,NA,NA,NA,NA,29,14,0,19,6,-8,0
"152",28,18,"8-10-0",425,762,55.8,4618,28,3.7,31,4.1,89,6.1,5,10.9,164.9,69.1,44,276,5.39,4.35,5.5,3,5,8,"A.J. Feeley",NA,NA,NA,NA,NA,NA,NA,NA,28,18,0,17,4,-6,0
"153",89,81,"44-37-0",1632,2471,66,17823,102,4.1,64,2.6,80,7.2,6.9,10.9,200.3,90.1,162,965,6.4,6.08,6.2,7,10,62,"Chad Pennington",NA,NA,NA,NA,NA,NA,NA,NA,89,81,0,41,16,-51,0
"154",31,12,"4-8-0",286,500,57.2,3179,21,4.2,14,2.8,74,6.4,5.9,11.1,102.5,78.6,34,198,5.58,5.19,6.4,2,2,10,"Chris Redman",NA,NA,NA,NA,NA,NA,NA,NA,31,12,0,11,2,-27,0
"155",3,0,NA,6,16,37.5,69,0,0,1,6.3,17,4.3,1.5,11.5,23,25.3,1,5,3.76,1.12,5.9,NA,NA,0,"Tee Martin",NA,NA,NA,NA,NA,NA,NA,NA,3,0,0,3,2,0,0
"156",96,95,"41-54-0",1969,3171,62.1,22814,122,3.8,93,2.9,80,7.2,6.6,11.6,237.6,84.4,254,1863,6.12,5.61,7.4,12,16,64,"Marc Bulger",NA,NA,NA,NA,NA,NA,NA,NA,96,95,0,42,8,-20,0
"157",10,3,"0-3-0",70,152,46.1,585,1,0.7,7,4.6,47,3.8,1.9,8.4,58.5,39.5,23,154,2.46,0.78,13.1,NA,NA,2,"Spergon Wynn",NA,NA,NA,NA,NA,NA,NA,NA,10,3,0,5,0,-2,0
"158",253,251,"196-55-0",5629,8805,63.9,66159,488,5.5,160,1.8,99,7.5,7.8,11.8,261.5,97.6,452,2797,6.84,7.12,4.9,34,42,255,"Tom Brady",NA,NA,NA,NA,NA,NA,NA,NA,253,251,0,114,34,-129,0
"159",1,0,NA,2,2,100,-2,0,0,0,0,6,-1,-1,-1,-2,79.2,0,0,-1,-1,0,NA,NA,0,"Todd Husak",NA,NA,NA,NA,NA,NA,NA,NA,NA,NA,NA,NA,NA,NA,NA
"160",40,18,"5-13-0",432,714,60.5,4853,31,4.3,23,3.2,89,6.8,6.2,11.2,121.3,81.9,63,372,5.77,5.23,8.1,1,1,13,"Tim Rattay",NA,NA,NA,NA,NA,NA,NA,NA,40,18,0,21,7,-12,0
"161",5,1,"0-1-0",11,22,50,114,0,0,1,4.5,19,5.2,3.1,10.4,22.8,46.4,2,11,4.29,2.42,8.3,NA,NA,0,"Jarious Jackson",NA,NA,NA,NA,NA,NA,NA,NA,5,1,0,2,2,-1,0
"162",62,59,"22-37-0",1025,1714,59.8,11131,64,3.7,67,3.9,79,6.5,5.5,10.9,179.5,75.1,166,1119,5.33,4.4,8.8,10,11,32,"Tim Couch",NA,NA,NA,NA,NA,NA,NA,NA,62,59,0,37,13,-37,0
"163",167,161,"98-62-1",3170,5374,59,37276,234,4.4,117,2.2,91,6.9,6.8,11.8,223.2,85.6,410,2626,5.99,5.89,7.1,16,24,138,"Donovan McNabb",NA,NA,NA,NA,NA,NA,NA,NA,167,161,0,95,24,-102,0
"164",22,17,"3-14-0",215,461,46.6,2212,5,1.1,13,2.8,46,4.8,3.7,10.3,100.5,52.8,59,327,3.63,2.69,11.3,1,1,1,"Akili Smith",NA,NA,NA,NA,NA,NA,NA,NA,22,17,0,19,4,-17,0
"165",105,100,"41-59-0",2016,3199,63,24153,149,4.7,106,3.3,82,7.6,7,12,230,87.8,298,1696,6.42,5.91,8.5,11,17,97,"Daunte Culpepper",NA,NA,NA,NA,NA,NA,NA,NA,105,100,0,102,35,-81,0
"166",25,15,"3-12-0",281,515,54.6,3111,16,3.1,19,3.7,80,6,5,11.1,124.4,67.7,45,263,5.09,4.13,8,0,1,7,"Cade McNown",NA,NA,NA,NA,NA,NA,NA,NA,25,15,0,14,6,-19,0
"167",34,24,"14-10-0",415,738,56.2,4566,27,3.7,24,3.3,75,6.2,5.5,11,134.3,73.4,61,419,5.19,4.51,7.6,4,5,18,"Shaun King",NA,NA,NA,NA,NA,NA,NA,NA,34,24,0,12,5,-3,0
"168",8,4,"0-4-0",60,107,56.1,689,4,3.7,2,1.9,45,6.4,6.3,11.5,86.1,80.3,15,80,4.99,4.91,12.3,NA,NA,2,"Brock Huard",NA,NA,NA,NA,NA,NA,NA,NA,8,4,0,3,1,-3,0
"169",3,0,NA,9,16,56.3,136,1,6.3,2,12.5,63,8.5,4.1,15.1,45.3,65.6,3,23,5.95,2.26,15.8,NA,NA,1,"Joe Germaine",NA,NA,NA,NA,NA,NA,NA,NA,NA,NA,NA,NA,NA,NA,NA
"170",93,90,"38-52-0",1673,2963,56.5,20261,123,4.2,92,3.1,76,6.8,6.3,12.1,217.9,78.5,235,1454,5.88,5.36,7.3,12,18,72,"Aaron Brooks",NA,NA,NA,NA,NA,NA,NA,NA,93,90,0,64,18,-117,0
"171",8,0,NA,3,9,33.3,80,1,11.1,1,11.1,44,8.9,6.1,26.7,10,64.4,0,0,8.89,6.11,0,NA,NA,0,"Michael Bishop",NA,NA,NA,NA,NA,NA,NA,NA,NA,NA,NA,NA,NA,NA,NA
"172",5,0,NA,7,16,43.8,69,1,6.3,0,0,26,4.3,5.6,9.9,13.8,77.3,3,24,2.37,3.42,15.8,NA,NA,0,"Chris Greisen",NA,NA,NA,NA,NA,NA,NA,NA,NA,NA,NA,NA,NA,NA,NA
"173",4,1,"1-0-0",6,10,60,30,0,0,0,0,8,3,3,5,7.5,64.6,2,16,1.17,1.17,16.7,NA,NA,0,"Scott Covington",NA,NA,NA,NA,NA,NA,NA,NA,NA,NA,NA,NA,NA,NA,NA
"174",266,265,"186-79-0",6125,9380,65.3,71940,539,5.7,251,2.7,86,7.7,7.6,11.7,270.5,96.5,303,1953,7.23,7.17,3.1,43,54,271,"Peyton Manning",NA,NA,NA,NA,NA,NA,NA,NA,266,265,0,77,23,-45,0
"175",25,21,"4-17-0",317,655,48.4,3666,14,2.1,36,5.5,83,5.6,3.6,11.6,146.6,50,65,377,4.57,2.71,9,2,3,1,"Ryan Leaf",NA,NA,NA,NA,NA,NA,NA,NA,25,21,0,24,6,-37,0
"176",81,55,"25-30-0",908,1604,56.6,11085,61,3.8,52,3.2,98,6.9,6.2,12.2,136.9,77.2,161,890,5.78,5.14,9.1,9,11,37,"Charlie Batch",NA,NA,NA,NA,NA,NA,NA,NA,81,55,0,24,7,-8,0
"177",17,6,"1-5-0",117,223,52.5,1161,4,1.8,7,3.1,64,5.2,4.2,9.9,68.3,60.4,30,201,3.79,2.87,11.9,NA,NA,4,"Jonathan Quinn",NA,NA,NA,NA,NA,NA,NA,NA,NA,NA,NA,NA,NA,NA,NA
"178",93,83,"45-38-0",1752,2796,62.7,19440,119,4.3,99,3.5,88,7,6.2,11.1,209,82.7,193,1326,6.06,5.37,6.5,9,12,61,"Brian Griese",NA,NA,NA,NA,NA,NA,NA,NA,93,83,0,51,19,-70,0
"179",209,160,"85-75-0",3222,5330,60.5,36638,212,4,153,2.9,87,6.9,6.4,11.4,175.3,82.4,360,2260,6.04,5.58,6.3,15,24,111,"Matt Hasselbeck",NA,NA,NA,NA,NA,NA,NA,NA,209,160,0,67,18,-97,0
"180",9,3,"0-3-0",51,103,49.5,485,1,1,2,1.9,45,4.7,4,9.5,53.9,58.1,11,70,3.64,3.03,9.6,NA,NA,1,"Moses Moreno",NA,NA,NA,NA,NA,NA,NA,NA,9,3,0,5,1,-5,0
"181",6,1,"1-0-0",21,52,40.4,239,1,1.9,4,7.7,33,4.6,1.5,11.4,39.8,29.2,4,32,3.7,0.84,7.1,1,1,1,"Jim Druckenmiller",NA,NA,NA,NA,NA,NA,NA,NA,NA,NA,NA,NA,NA,NA,NA
"182",143,136,"69-67-0",2484,4350,57.1,29253,161,3.7,161,3.7,85,6.7,5.8,11.8,204.6,74.6,284,1735,5.94,5.07,6.1,20,30,92,"Jake Plummer",NA,NA,NA,NA,NA,NA,NA,NA,143,136,0,75,33,-44,0
"183",25,10,"4-6-0",184,350,52.6,2123,12,3.4,22,6.3,64,6.1,3.9,11.5,84.9,56.4,57,362,4.33,2.48,14,2,2,6,"Danny Wuerffel",NA,NA,NA,NA,NA,NA,NA,NA,25,10,0,5,3,0,0
"184",18,5,"2-3-0",85,174,48.9,999,2,1.1,8,4.6,62,5.7,3.9,11.8,55.5,51.4,15,100,4.76,3.06,7.9,1,1,3,"Tony Graziani",NA,NA,NA,NA,NA,NA,NA,NA,18,5,0,4,2,-8,0
"185",104,8,"3-5-0",184,354,52,1944,10,2.8,14,4,61,5.5,4.3,10.6,18.7,61.2,12,77,5.1,3.93,3.3,NA,NA,4,"Koy Detmer",NA,NA,NA,NA,NA,NA,NA,NA,104,8,0,5,1,0,0
"186",1,0,NA,1,2,50,1,0,0,0,0,1,0.5,0.5,1,1,56.2,0,0,0.5,0.5,0,NA,NA,0,"Wally Richardson",NA,NA,NA,NA,NA,NA,NA,NA,NA,NA,NA,NA,NA,NA,NA
"187",96,78,"35-43-0",1278,2356,54.2,15315,77,3.3,73,3.1,85,6.5,5.8,12,159.5,72.4,227,1432,5.37,4.7,8.8,5,7,48,"Tony Banks",NA,NA,NA,NA,NA,NA,NA,NA,96,78,0,73,21,-91,0
"188",22,13,"3-9-1",244,456,53.5,2544,11,2.4,15,3.3,72,5.6,4.6,10.4,115.6,64.3,64,378,4.17,3.29,12.3,3,2,2,"Bobby Hoying",NA,NA,NA,NA,NA,NA,NA,NA,22,13,0,14,3,-2,0
"189",12,0,NA,28,54,51.9,210,0,0,2,3.7,21,3.9,2.2,7.5,17.5,46.1,10,71,2.17,0.77,15.6,NA,NA,2,"Jeff Lewis",NA,NA,NA,NA,NA,NA,NA,NA,NA,NA,NA,NA,NA,NA,NA
"190",43,24,"10-13-1",491,956,51.4,5129,31,3.2,34,3.6,68,5.4,4.4,10.4,119.3,63.2,63,512,4.53,3.64,6.2,1,3,14,"Danny Kanell",NA,NA,NA,NA,NA,NA,NA,NA,43,24,0,19,4,-15,0
"191",161,153,"91-62-0",2733,4544,60.1,31304,174,3.8,119,2.6,87,6.9,6.5,11.5,194.4,82.8,254,1567,6.2,5.81,5.3,15,21,126,"Steve McNair",NA,NA,NA,NA,NA,NA,NA,NA,161,153,0,99,36,-111,0
"192",198,180,"81-99-0",3487,6261,55.7,40922,208,3.3,196,3.1,89,6.5,5.8,11.7,206.7,73.8,337,2230,5.86,5.16,5.1,21,30,111,"Kerry Collins",NA,NA,NA,NA,NA,NA,NA,NA,198,180,0,139,34,-219,0
"193",50,21,"11-10-0",391,701,55.8,4547,22,3.1,24,3.4,95,6.5,5.6,11.6,90.9,71.8,67,447,5.34,4.51,8.7,3,5,11,"Todd Collins",NA,NA,NA,NA,NA,NA,NA,NA,50,21,0,19,1,-38,0
"194",125,87,"48-34-0",1316,2358,55.8,14746,77,3.3,84,3.6,90,6.3,5.3,11.2,118,70.7,170,1048,5.42,4.53,6.7,9,14,68,"Kordell Stewart",NA,NA,NA,NA,NA,NA,NA,NA,125,87,0,44,17,-46,0
"195",20,6,"3-3-0",163,318,51.3,1826,4,1.3,15,4.7,54,5.7,3.9,11.2,91.3,53.3,39,280,4.33,2.66,10.9,1,1,4,"Stoney Case",NA,NA,NA,NA,NA,NA,NA,NA,20,6,0,6,2,-3,0
"196",28,12,"4-8-0",301,537,56.1,3520,16,3,15,2.8,92,6.6,5.9,11.7,125.7,74.4,59,389,5.25,4.66,9.9,1,2,6,"Eric Zeier",NA,NA,NA,NA,NA,NA,NA,NA,28,12,0,11,2,-19,0
"197",48,29,"12-17-0",494,806,61.3,5795,30,3.7,23,2.9,74,7.2,6.7,11.7,120.7,83.6,140,817,5.26,4.8,14.8,4,4,21,"Rob Johnson",NA,NA,NA,NA,NA,NA,NA,NA,48,29,0,14,4,-5,0
"198",2,0,NA,5,9,55.6,42,0,0,0,0,18,4.7,4.7,8.4,21,67.8,1,4,3.8,3.8,10,NA,NA,0,"Dave Barr",NA,NA,NA,NA,NA,NA,NA,NA,NA,NA,NA,NA,NA,NA,NA
"199",17,10,"1-9-0",177,314,56.4,1895,4,1.3,12,3.8,48,6,4.6,10.7,111.5,62.5,32,227,4.82,3.49,9.2,NA,NA,6,"Steve Stenstrom",NA,NA,NA,NA,NA,NA,NA,NA,17,10,0,10,1,-10,0
"200",19,14,"2-12-0",267,557,47.9,3160,14,2.5,29,5.2,61,5.7,3.8,11.8,166.3,52.4,36,279,4.86,3.13,6.1,2,2,1,"Craig Whelihan",NA,NA,NA,NA,NA,NA,NA,NA,19,14,0,16,5,-32,0
"201",29,22,"8-14-0",292,593,49.2,3691,15,2.5,33,5.6,89,6.2,4.2,12.6,127.3,54.3,46,291,5.32,3.47,7.2,3,2,6,"Heath Shuler",NA,NA,NA,NA,NA,NA,NA,NA,29,22,0,13,4,-43,0
"202",130,113,"58-55-0",1759,3172,55.5,20518,113,3.6,129,4.1,83,6.5,5.4,11.7,157.8,70.2,263,1730,5.47,4.44,7.7,14,15,60,"Trent Dilfer",NA,NA,NA,NA,NA,NA,NA,NA,130,113,0,82,17,-93,0
"203",2,0,NA,0,1,0,0,0,0,0,0,0,0,0,NA,0,39.6,2,9,-3,-3,66.7,NA,NA,0,"Perry Klein",NA,NA,NA,NA,NA,NA,NA,NA,NA,NA,NA,NA,NA,NA,NA
"204",5,2,"0-2-0",46,82,56.1,455,1,1.2,4,4.9,57,5.5,3.6,9.9,91,55.7,9,49,4.46,2.7,9.9,NA,NA,2,"Doug Nussmeier",NA,NA,NA,NA,NA,NA,NA,NA,NA,NA,NA,NA,NA,NA,NA
"205",37,27,"15-12-0",610,1046,58.3,6387,36,3.4,31,3,77,6.1,5.5,10.5,172.6,75.2,40,238,5.66,5.04,3.7,5,6,17,"Jim Miller",NA,NA,NA,NA,NA,NA,NA,NA,37,27,0,20,9,-69,0
"206",147,93,"45-47-1",1699,3106,54.7,21291,114,3.7,106,3.4,99,6.9,6.1,12.5,144.8,74.2,207,1328,6.03,5.27,6.2,8,10,65,"Gus Frerotte",NA,NA,NA,NA,NA,NA,NA,NA,147,93,0,65,20,-91,0
"207",1,0,NA,2,2,100,31,0,0,0,0,19,15.5,15.5,15.5,31,118.7,0,0,15.5,15.5,0,NA,NA,0,"Jay Walker",NA,NA,NA,NA,NA,NA,NA,NA,NA,NA,NA,NA,NA,NA,NA
"208",3,1,"1-0-0",28,43,65.1,299,0,0,0,0,43,7,7,10.7,99.7,85.3,1,0,6.8,6.8,2.3,NA,NA,1,"Steve Matthews",NA,NA,NA,NA,NA,NA,NA,NA,NA,NA,NA,NA,NA,NA,NA
"209",21,9,"2-7-0",207,382,54.2,2469,12,3.1,16,4.2,49,6.5,5.2,11.9,117.6,67.2,27,193,5.56,4.39,6.6,2,3,8,"Glenn Foley",NA,NA,NA,NA,NA,NA,NA,NA,NA,NA,NA,NA,NA,NA,NA
"210",194,193,"98-95-0",3839,6717,57.2,44611,251,3.7,206,3.1,86,6.6,6,11.6,230,77.1,467,3135,5.77,5.18,6.5,24,31,137,"Drew Bledsoe",NA,NA,NA,NA,NA,NA,NA,NA,194,193,0,123,39,-179,0
"211",80,68,"24-44-0",1088,2043,53.3,11969,50,2.4,76,3.7,60,5.9,4.7,11,149.6,63.5,199,1038,4.88,3.8,8.9,8,9,35,"Rick Mirer",NA,NA,NA,NA,NA,NA,NA,NA,80,68,0,35,10,-27,0
"212",29,17,"4-13-0",275,527,52.2,3371,23,4.4,25,4.7,90,6.4,5.1,12.3,116.2,67,31,195,5.69,4.5,5.6,0,2,7,"Billy Joe Hobert",NA,NA,NA,NA,NA,NA,NA,NA,29,17,0,11,2,-13,0
"213",193,151,"78-73-0",2761,4640,59.5,32072,184,4,108,2.3,79,6.9,6.7,11.6,166.2,84,390,2395,5.9,5.67,7.8,16,22,120,"Mark Brunell",NA,NA,NA,NA,NA,NA,NA,NA,193,151,0,76,24,-70,0
"214",2,0,NA,5,16,31.3,41,1,6.3,1,6.3,32,2.6,1,8.2,20.5,35.4,3,17,1.26,-0.05,15.8,NA,NA,0,"Gino Torretta",NA,NA,NA,NA,NA,NA,NA,NA,NA,NA,NA,NA,NA,NA,NA
"215",31,11,"3-8-0",262,477,54.9,2985,16,3.4,24,5,80,6.3,4.7,11.4,96.3,64.1,19,113,5.79,4.26,3.8,1,3,7,"Alex Van Pelt",NA,NA,NA,NA,NA,NA,NA,NA,31,11,0,8,4,-7,0
"216",105,70,"40-30-0",1446,2445,59.1,16774,99,4,81,3.3,86,6.9,6.2,11.6,159.8,79.6,129,907,6.16,5.52,5,8,13,51,"Elvis Grbac",NA,NA,NA,NA,NA,NA,NA,NA,105,70,0,32,8,-11,0
"217",120,113,"56-57-0",2266,3740,60.6,28475,162,4.3,114,3,99,7.6,7.1,12.6,237.3,86,259,1621,6.72,6.24,6.5,15,19,111,"Trent Green",NA,NA,NA,NA,NA,NA,NA,NA,120,113,0,60,15,-64,0
"218",33,24,"4-20-0",389,718,54.2,3994,16,2.2,22,3.1,83,5.6,4.6,10.3,121,65.1,87,539,4.29,3.46,10.8,1,1,11,"David Klingler",NA,NA,NA,NA,NA,NA,NA,NA,33,24,0,19,5,-15,0
"219",92,36,"15-20-1",686,1200,57.2,8087,48,4,54,4.5,72,6.7,5.5,11.8,87.9,72.4,94,541,5.83,4.7,7.3,2,3,25,"Tommy Maddox",NA,NA,NA,NA,NA,NA,NA,NA,92,36,0,24,8,-18,0
"220",3,0,NA,2,9,22.2,15,0,0,2,22.2,13,1.7,-8.3,7.5,5,0,0,0,1.67,-8.33,0,NA,NA,0,"Matt Blundin",NA,NA,NA,NA,NA,NA,NA,NA,NA,NA,NA,NA,NA,NA,NA
"221",2,0,NA,4,11,36.4,29,0,0,2,18.2,16,2.6,-5.5,7.3,14.5,5.3,0,0,2.64,-5.55,0,NA,NA,0,"Tony Sacca",NA,NA,NA,NA,NA,NA,NA,NA,NA,NA,NA,NA,NA,NA,NA
"222",26,0,NA,60,120,50,713,1,0.8,4,3.3,42,5.9,4.6,11.9,27.4,57.4,12,76,4.83,3.61,9.1,1,2,1,"Casey Weldon",NA,NA,NA,NA,NA,NA,NA,NA,26,0,0,6,1,-6,0
"223",9,2,"0-2-0",57,124,46,572,2,1.6,10,8.1,48,4.6,1.3,10,63.6,31.4,9,74,3.74,0.66,6.8,NA,NA,1,"Will Furrer",NA,NA,NA,NA,NA,NA,NA,NA,NA,NA,NA,NA,NA,NA,NA
"224",119,100,"39-61-0",1827,3241,56.4,21711,134,4.1,99,3.1,88,6.7,6.2,11.9,182.4,78,248,1550,5.78,5.27,7.1,12,16,78,"Jeff Blake",NA,NA,NA,NA,NA,NA,NA,NA,119,100,0,68,17,-57,0
"225",81,38,"17-21-0",694,1339,51.8,7801,39,2.9,33,2.5,87,5.8,5.3,11.2,96.3,69,100,679,4.95,4.46,6.9,8,9,23,"Kent Graham",NA,NA,NA,NA,NA,NA,NA,NA,81,38,0,22,5,-6,0
"226",16,4,"1-3-0",97,185,52.4,1257,6,3.2,6,3.2,76,6.8,6,13,78.6,71.4,25,151,5.27,4.55,11.9,NA,NA,4,"Bucky Richardson",NA,NA,NA,NA,NA,NA,NA,NA,16,4,0,7,3,-2,0
"227",177,125,"72-53-0",2668,4326,61.7,29054,166,3.8,122,2.8,82,6.7,6.2,10.9,164.1,82.5,251,1616,5.99,5.52,5.5,14,27,90,"Brad Johnson",NA,NA,NA,NA,NA,NA,NA,NA,177,125,0,64,21,-56,0
"228",10,7,"2-5-0",112,195,57.4,1377,8,4.1,7,3.6,54,7.1,6.3,12.3,137.7,78.1,13,106,6.11,5.37,6.3,1,1,5,"T.J. Rubley",NA,NA,NA,NA,NA,NA,NA,NA,10,7,0,5,2,-18,0
"229",54,25,"11-14-0",546,946,57.7,6351,34,3.6,35,3.7,57,6.7,5.8,11.6,117.6,74.7,67,386,5.89,5,6.6,5,6,15,"Ty Detmer",NA,NA,NA,NA,NA,NA,NA,NA,54,25,0,18,4,-2,0
"230",13,5,"2-3-0",74,148,50,745,2,1.4,6,4.1,36,5,3.5,10.1,57.3,52.3,21,161,3.46,2.09,12.4,NA,NA,2,"Dan McGwire",NA,NA,NA,NA,NA,NA,NA,NA,13,5,0,10,3,-8,0
"231",8,8,"3-5-0",104,205,50.7,1345,8,3.9,9,4.4,68,6.6,5.4,12.9,168.1,66.4,20,154,5.29,4.2,8.9,0,1,3,"Todd Marinovich",NA,NA,NA,NA,NA,NA,NA,NA,8,8,NA,4,2,-5,0
"232",302,298,"186-112-0",6300,10169,62,71838,508,5,336,3.3,99,7.1,6.6,11.4,237.9,86,525,3487,6.39,5.93,4.9,28,43,255,"Brett Favre",NA,NA,NA,NA,NA,NA,NA,NA,302,298,0,166,42,-177,0
"233",24,14,"4-10-0",213,437,48.7,2489,8,1.8,20,4.6,51,5.7,4,11.7,103.7,53.5,36,274,4.68,3.12,7.6,0,0,5,"Browning Nagle",NA,NA,NA,NA,NA,NA,NA,NA,24,14,0,15,3,-14,0
"234",55,7,"3-4-0",124,248,50,1314,8,3.2,7,2.8,72,5.3,4.7,10.6,23.9,64.8,25,214,4.03,3.46,9.2,2,2,4,"Scott Zolak",NA,NA,NA,NA,NA,NA,NA,NA,55,7,0,10,4,-23,0
"235",32,8,"4-4-0",202,375,53.9,2399,13,3.5,21,5.6,47,6.4,4.6,11.9,75,61.8,52,329,4.85,3.24,12.2,2,1,5,"Donald Hollas",NA,NA,NA,NA,NA,NA,NA,NA,32,8,0,19,9,-5,0
"236",12,1,"0-1-0",43,69,62.3,402,1,1.4,2,2.9,46,5.8,4.8,9.3,33.5,71,4,32,5.07,4.11,5.5,NA,NA,1,"Bill Musgrave",NA,NA,NA,NA,NA,NA,NA,NA,NA,NA,NA,NA,NA,NA,NA
"237",52,36,"14-21-0",591,1092,54.1,7625,41,3.8,38,3.5,71,7,6.2,12.9,146.6,74.3,82,535,6.04,5.28,7,2,2,22,"Craig Erickson",NA,NA,NA,NA,NA,NA,NA,NA,52,36,0,23,12,-23,0
"238",34,10,"3-7-0",220,380,57.9,2614,8,2.1,10,2.6,44,6.9,6.1,11.9,76.9,75,28,229,5.85,5.13,6.9,2,2,8,"Paul Justin",NA,NA,NA,NA,NA,NA,NA,NA,34,10,0,3,2,-1,0
"239",3,0,NA,17,34,50,232,0,0,3,8.8,40,6.8,2.9,13.6,77.3,35.4,6,50,4.55,1.18,15,NA,NA,1,"Shawn Moore",NA,NA,NA,NA,NA,NA,NA,NA,NA,NA,NA,NA,NA,NA,NA
"240",131,124,"46-78-0",2298,3967,57.9,27602,154,3.9,113,2.8,85,7,6.5,12,210.7,80.4,358,2691,5.76,5.3,8.3,8,17,78,"Jeff George",NA,NA,NA,NA,NA,NA,NA,NA,131,124,0,70,23,-81,0
"241",14,6,"3-3-0",83,161,51.6,1112,5,3.1,8,5,59,6.9,5.3,13.4,79.4,63.5,27,146,5.14,3.76,14.4,NA,NA,5,"Andre Ware",NA,NA,NA,NA,NA,NA,NA,NA,14,6,0,7,2,-35,0
"242",36,12,"1-11-0",174,320,54.4,1823,7,2.2,11,3.4,56,5.7,4.6,10.5,50.6,64.1,41,300,4.22,3.24,11.4,NA,NA,4,"Tom Hodson",NA,NA,NA,NA,NA,NA,NA,NA,36,12,0,9,1,0,0
"243",21,3,"0-3-0",104,183,56.8,1261,6,3.3,15,8.2,68,6.9,3.9,12.1,60,54.9,18,94,5.81,3.04,9,NA,NA,4,"Peter Tom Willis",NA,NA,NA,NA,NA,NA,NA,NA,21,3,0,2,1,0,0
"244",125,100,"55-45-0",1865,3229,57.8,21690,120,3.7,68,2.1,89,6.7,6.5,11.6,173.5,81.8,259,1906,5.67,5.48,7.4,15,18,72,"Neil O'Donnell",NA,NA,NA,NA,NA,NA,NA,NA,125,100,0,51,14,-42,0
"245",7,0,NA,12,20,60,125,2,10,1,5,51,6.3,6,10.4,17.9,90.6,2,3,5.55,5.32,9.1,NA,NA,0,"Troy Taylor",NA,NA,NA,NA,NA,NA,NA,NA,NA,NA,NA,NA,NA,NA,NA
"246",7,2,"0-2-0",52,101,51.5,560,5,5,3,3,34,5.5,5.2,10.8,80,72.2,10,65,4.46,4.14,9,NA,NA,1,"Cary Conklin",NA,NA,NA,NA,NA,NA,NA,NA,NA,NA,NA,NA,NA,NA,NA
"247",99,71,"32-39-0",1301,2346,55.5,15692,95,4,81,3.5,91,6.7,5.9,12.1,158.5,75.3,155,882,5.92,5.22,6.2,6,9,53,"Scott Mitchell",NA,NA,NA,NA,NA,NA,NA,NA,99,71,0,50,13,-43,0
"248",1,0,NA,3,7,42.9,23,0,0,0,0,11,3.3,3.3,7.7,23,51.5,2,23,0,0,22.2,NA,NA,0,"Craig Kupp",NA,NA,NA,NA,NA,NA,NA,NA,NA,NA,NA,NA,NA,NA,NA
"249",69,38,"13-25-0",745,1364,54.6,8699,45,3.3,42,3.1,81,6.4,5.7,11.7,126.1,72.3,74,487,5.71,5.02,5.1,7,7,28,"John Friesz",NA,NA,NA,NA,NA,NA,NA,NA,69,38,0,24,8,-35,0
"250",12,1,"0-1-0",55,92,59.8,790,5,5.4,4,4.3,63,8.6,7.7,14.4,65.8,87.7,5,27,7.87,7.04,5.2,NA,NA,2,"Mike Buck",NA,NA,NA,NA,NA,NA,NA,NA,12,1,0,3,1,-8,0
